ticker,date,open,high,low,close
NEAR,2020-10-15,1.11,1.221,1.102,1.122
NEAR,2020-10-16,1.122,1.153,0.8128,0.8179
NEAR,2020-10-17,0.8179,0.8658,0.7207,0.8093
NEAR,2020-10-18,0.8093,0.8762,0.8015,0.8701
NEAR,2020-10-19,0.8701,0.8719,0.7658,0.8001
NEAR,2020-10-20,0.8001,0.8108,0.6707,0.6765
NEAR,2020-10-21,0.6765,0.749,0.6744,0.7068
NEAR,2020-10-22,0.7068,0.7889,0.7049,0.7491
NEAR,2020-10-23,0.7491,0.7543,0.6869,0.7283
NEAR,2020-10-24,0.7283,0.7593,0.7059,0.7398
NEAR,2020-10-25,0.7398,0.859,0.7297,0.8452
NEAR,2020-10-26,0.8452,0.8576,0.7403,0.7792
NEAR,2020-10-27,0.7792,0.8068,0.745,0.7603
NEAR,2020-10-28,0.7603,0.7785,0.6815,0.701
NEAR,2020-10-29,0.701,0.7246,0.6707,0.6895
NEAR,2020-10-30,0.6895,0.7049,0.6133,0.6312
NEAR,2020-10-31,0.6312,0.6564,0.6184,0.6385
NEAR,2020-11-01,0.6385,0.6568,0.6,0.635
NEAR,2020-11-02,0.635,0.6524,0.6006,0.607
NEAR,2020-11-03,0.607,0.6129,0.5579,0.5627
NEAR,2020-11-04,0.5627,0.565,0.5251,0.5336
NEAR,2020-11-05,0.5336,0.717,0.5331,0.6912
NEAR,2020-11-06,0.6912,0.765,0.6889,0.7201
NEAR,2020-11-07,0.7201,0.7948,0.6741,0.6975
NEAR,2020-11-08,0.6975,0.8305,0.6827,0.8174
NEAR,2020-11-09,0.8174,0.9257,0.798,0.9162
NEAR,2020-11-10,0.9162,0.9754,0.8829,0.9465
NEAR,2020-11-11,0.9465,0.9933,0.858,0.8613
NEAR,2020-11-12,0.8613,0.8796,0.7603,0.7893
NEAR,2020-11-13,0.7893,0.918,0.779,0.8981
NEAR,2020-11-14,0.8981,0.9039,0.822,0.8675
NEAR,2020-11-15,0.8675,0.8876,0.7986,0.8304
NEAR,2020-11-16,0.8304,0.8994,0.8167,0.866
NEAR,2020-11-17,0.866,0.9855,0.8652,0.9322
NEAR,2020-11-18,0.9322,0.9455,0.8006,0.8324
NEAR,2020-11-19,0.8324,0.8778,0.8096,0.8464
NEAR,2020-11-20,0.8464,0.9476,0.8361,0.9464
NEAR,2020-11-21,0.9464,1.22,0.9336,1.187
NEAR,2020-11-22,1.187,1.195,0.9989,1.077
NEAR,2020-11-23,1.077,1.228,1.046,1.171
NEAR,2020-11-24,1.171,1.295,1.129,1.243
NEAR,2020-11-25,1.243,1.314,1.071,1.106
NEAR,2020-11-26,1.106,1.142,0.8954,1.011
NEAR,2020-11-27,1.011,1.062,0.9315,0.9929
NEAR,2020-11-28,0.9929,1.052,0.9517,1.022
NEAR,2020-11-29,1.022,1.054,0.9812,1.015
NEAR,2020-11-30,1.015,1.11,0.9989,1.068
NEAR,2020-12-01,1.068,1.154,0.9775,1.062
NEAR,2020-12-02,1.062,1.211,1.026,1.179
NEAR,2020-12-03,1.179,1.197,1.135,1.156
NEAR,2020-12-04,1.156,1.224,1.092,1.103
NEAR,2020-12-05,1.103,1.145,1.021,1.114
NEAR,2020-12-06,1.114,1.127,1.009,1.035
NEAR,2020-12-07,1.035,1.055,1.01,1.011
NEAR,2020-12-08,1.011,1.024,0.9153,0.9329
NEAR,2020-12-09,0.9329,1.015,0.9095,0.9956
NEAR,2020-12-10,0.9956,1.045,0.953,0.9561
NEAR,2020-12-11,0.9561,0.9603,0.8662,0.869
NEAR,2020-12-12,0.869,0.929,0.8683,0.9201
NEAR,2020-12-13,0.9201,0.9791,0.9189,0.9525
NEAR,2020-12-14,0.9525,1.01,0.9429,0.9933
NEAR,2020-12-15,0.9933,1.019,0.9769,1.007
NEAR,2020-12-16,1.007,1.048,0.9626,1.047
NEAR,2020-12-17,1.047,1.069,0.985,0.994
NEAR,2020-12-18,0.994,1.021,0.9738,1.006
NEAR,2020-12-19,1.006,1.121,0.993,1.048
NEAR,2020-12-20,1.048,1.08,1.02,1.059
NEAR,2020-12-21,1.059,1.665,1.042,1.219
NEAR,2020-12-22,1.219,1.238,1.078,1.161
NEAR,2020-12-23,1.161,1.18,0.9138,0.9612
NEAR,2020-12-24,0.9612,1.076,0.9145,1.063
NEAR,2020-12-25,1.063,1.077,0.9966,1.02
NEAR,2020-12-26,1.02,1.065,0.981,1.019
NEAR,2020-12-27,1.019,1.248,0.9988,1.195
NEAR,2020-12-28,1.195,1.248,1.154,1.22
NEAR,2020-12-29,1.22,1.238,1.1,1.164
NEAR,2020-12-30,1.164,1.263,1.164,1.209
NEAR,2020-12-31,1.209,1.42,1.169,1.392
NEAR,2021-01-01,1.392,1.497,1.291,1.362
NEAR,2021-01-02,1.362,1.428,1.307,1.412
NEAR,2021-01-03,1.412,1.593,1.41,1.473
NEAR,2021-01-04,1.473,1.566,1.307,1.386
NEAR,2021-01-05,1.386,1.527,1.336,1.498
NEAR,2021-01-06,1.498,1.597,1.415,1.542
NEAR,2021-01-07,1.542,1.564,1.471,1.497
NEAR,2021-01-08,1.497,1.947,1.428,1.741
NEAR,2021-01-09,1.741,1.847,1.648,1.764
NEAR,2021-01-10,1.764,1.948,1.629,1.739
NEAR,2021-01-11,1.739,1.757,1.349,1.484
NEAR,2021-01-12,1.484,1.619,1.43,1.434
NEAR,2021-01-13,1.434,1.609,1.392,1.606
NEAR,2021-01-14,1.606,1.766,1.579,1.722
NEAR,2021-01-15,1.722,1.914,1.696,1.832
NEAR,2021-01-16,1.832,2.258,1.832,2.082
NEAR,2021-01-17,2.082,2.771,2.009,2.503
NEAR,2021-01-18,2.503,2.66,2.314,2.412
NEAR,2021-01-19,2.412,2.474,2.164,2.168
NEAR,2021-01-20,2.168,2.583,2.114,2.484
NEAR,2021-01-21,2.484,2.565,2.133,2.165
NEAR,2021-01-22,2.165,2.53,2.007,2.373
NEAR,2021-01-23,2.373,2.527,2.317,2.386
NEAR,2021-01-24,2.386,2.74,2.356,2.564
NEAR,2021-01-25,2.564,2.681,2.422,2.446
NEAR,2021-01-26,2.446,2.566,2.181,2.385
NEAR,2021-01-27,2.385,2.388,2.019,2.037
NEAR,2021-01-28,2.037,2.322,2.009,2.25
NEAR,2021-01-29,2.25,2.349,2.102,2.205
NEAR,2021-01-30,2.205,2.262,2.065,2.177
NEAR,2021-01-31,2.177,2.428,2.05,2.144
NEAR,2021-02-01,2.144,2.349,2.089,2.269
NEAR,2021-02-02,2.269,2.561,2.224,2.468
NEAR,2021-02-03,2.468,2.65,2.392,2.562
NEAR,2021-02-04,2.562,2.665,2.403,2.495
NEAR,2021-02-05,2.495,2.949,2.493,2.859
NEAR,2021-02-06,2.859,2.893,2.544,2.69
NEAR,2021-02-07,2.69,3.503,2.6,3.402
NEAR,2021-02-08,3.402,3.594,3.044,3.46
NEAR,2021-02-09,3.46,3.492,3.217,3.311
NEAR,2021-02-10,3.311,3.703,3.133,3.259
NEAR,2021-02-11,3.259,3.533,3.16,3.455
NEAR,2021-02-12,3.455,4.956,3.421,4.729
NEAR,2021-02-13,4.729,5.583,4.527,4.819
NEAR,2021-02-14,4.819,4.863,4.159,4.317
NEAR,2021-02-15,4.317,4.386,3.504,4.022
NEAR,2021-02-16,4.022,4.446,3.865,4.081
NEAR,2021-02-17,4.081,4.395,3.829,4.231
NEAR,2021-02-18,4.231,4.666,4.027,4.433
NEAR,2021-02-19,4.433,4.567,4.113,4.382
NEAR,2021-02-20,4.382,4.737,3.774,4.004
NEAR,2021-02-21,4.004,4.198,3.859,4.104
NEAR,2021-02-22,4.104,4.108,2.974,3.734
NEAR,2021-02-23,3.734,3.762,2.648,3.378
NEAR,2021-02-24,3.378,3.658,3.174,3.583
NEAR,2021-02-25,3.583,4.69,3.466,3.886
NEAR,2021-02-26,3.886,4.876,3.792,4.218
NEAR,2021-02-27,4.218,4.47,3.897,4.001
NEAR,2021-02-28,4.001,4.023,3.423,3.821
NEAR,2021-03-01,3.821,4.296,3.793,4.198
NEAR,2021-03-02,4.198,4.248,3.857,4.046
NEAR,2021-03-03,4.046,4.3,4.001,4.169
NEAR,2021-03-04,4.169,4.657,4.113,4.526
NEAR,2021-03-05,4.526,4.599,4.063,4.165
NEAR,2021-03-06,4.165,4.249,3.93,4.051
NEAR,2021-03-07,4.051,4.402,4.05,4.274
NEAR,2021-03-08,4.274,4.63,4.122,4.572
NEAR,2021-03-09,4.572,5.805,4.566,5.412
NEAR,2021-03-10,5.412,6.065,4.931,5.324
NEAR,2021-03-11,5.324,6.294,5.119,6.07
NEAR,2021-03-12,6.07,7.443,5.901,6.926
NEAR,2021-03-13,6.926,7.582,6.524,7.382
NEAR,2021-03-14,7.382,7.405,6.613,6.615
NEAR,2021-03-15,6.615,6.857,5.87,5.9
NEAR,2021-03-16,5.9,6.881,5.603,6.385
NEAR,2021-03-17,6.385,6.432,5.952,6.223
NEAR,2021-03-18,6.223,6.594,6.003,6.058
NEAR,2021-03-19,6.058,6.441,5.866,6.17
NEAR,2021-03-20,6.17,6.594,6.114,6.275
NEAR,2021-03-21,6.275,6.305,5.806,6.037
NEAR,2021-03-22,6.037,6.046,5.293,5.413
NEAR,2021-03-23,5.413,5.85,5.113,5.312
NEAR,2021-03-24,5.312,5.687,4.823,4.859
NEAR,2021-03-25,4.859,5.092,4.48,4.813
NEAR,2021-03-26,4.813,5.578,4.806,5.481
NEAR,2021-03-27,5.481,5.647,5.245,5.328
NEAR,2021-03-28,5.328,5.991,5.272,5.602
NEAR,2021-03-29,5.602,5.94,5.513,5.819
NEAR,2021-03-30,5.819,6.684,5.741,6.358
NEAR,2021-03-31,6.358,6.396,5.751,5.997
NEAR,2021-04-01,5.997,6.291,5.833,5.972
NEAR,2021-04-02,5.972,6.159,5.874,5.983
NEAR,2021-04-03,5.983,6.404,5.571,5.679
NEAR,2021-04-04,5.679,6.102,5.582,6.084
NEAR,2021-04-05,6.084,6.298,5.838,6.134
NEAR,2021-04-06,6.134,7.348,6.131,6.774
NEAR,2021-04-07,6.774,6.971,5.741,6.114
NEAR,2021-04-08,6.114,6.868,6.025,6.738
NEAR,2021-04-09,6.738,6.937,6.317,6.414
NEAR,2021-04-10,6.414,6.731,6.319,6.503
NEAR,2021-04-11,6.503,7.425,6.47,6.767
NEAR,2021-04-12,6.767,7.359,6.572,6.728
NEAR,2021-04-13,6.728,6.914,6.362,6.5
NEAR,2021-04-14,6.5,6.819,6.16,6.349
NEAR,2021-04-15,6.349,6.903,6.257,6.526
NEAR,2021-04-16,6.526,6.57,5.895,5.96
NEAR,2021-04-17,5.96,6.302,5.716,5.881
NEAR,2021-04-18,5.881,5.944,4.09,5.156
NEAR,2021-04-19,5.156,5.367,4.603,4.734
NEAR,2021-04-20,4.734,5.13,4.26,4.942
NEAR,2021-04-21,4.942,5.068,4.637,4.777
NEAR,2021-04-22,4.777,5.627,4.678,4.789
NEAR,2021-04-23,4.789,4.963,4.016,4.656
NEAR,2021-04-24,4.656,4.67,4.108,4.256
NEAR,2021-04-25,4.256,4.869,4.229,4.649
NEAR,2021-04-26,4.649,5.2,4.606,5.034
NEAR,2021-04-27,5.034,5.254,4.803,5.161
NEAR,2021-04-28,5.161,5.215,4.737,4.915
NEAR,2021-04-29,4.915,5.618,4.758,5.489
NEAR,2021-04-30,5.489,5.827,5.261,5.56
NEAR,2021-05-01,5.56,5.773,5.308,5.505
NEAR,2021-05-02,5.505,5.51,5.149,5.274
NEAR,2021-05-03,5.274,5.546,5.269,5.476
NEAR,2021-05-04,5.476,5.496,4.804,4.826
NEAR,2021-05-05,4.826,5.254,4.773,5.254
NEAR,2021-05-06,5.254,5.588,5.039,5.208
NEAR,2021-05-07,5.208,5.504,5.052,5.326
NEAR,2021-05-08,5.326,5.57,5.155,5.24
NEAR,2021-05-09,5.24,5.274,4.904,5.065
NEAR,2021-05-10,5.065,5.284,4.417,4.704
NEAR,2021-05-11,4.704,5.012,4.627,4.945
NEAR,2021-05-12,4.945,5.98,4.74,4.783
NEAR,2021-05-13,4.783,5.633,4.544,5.491
NEAR,2021-05-14,5.491,5.956,5.454,5.745
NEAR,2021-05-15,5.745,7.343,5.63,5.956
NEAR,2021-05-16,5.956,6.616,5.55,5.866
NEAR,2021-05-17,5.866,5.958,5.061,5.719
NEAR,2021-05-18,5.719,6.29,5.494,5.692
NEAR,2021-05-19,5.692,5.879,2.947,3.613
NEAR,2021-05-20,3.613,4.387,3.218,4.187
NEAR,2021-05-21,4.187,4.393,3.041,3.472
NEAR,2021-05-22,3.472,3.535,2.985,3.168
NEAR,2021-05-23,3.168,3.375,2.211,2.662
NEAR,2021-05-24,2.662,3.281,2.579,3.268
NEAR,2021-05-25,3.268,3.433,2.827,3.338
NEAR,2021-05-26,3.338,3.641,3.247,3.541
NEAR,2021-05-27,3.541,3.543,3.127,3.29
NEAR,2021-05-28,3.29,3.333,2.711,2.924
NEAR,2021-05-29,2.924,2.969,2.53,2.694
NEAR,2021-05-30,2.694,3.289,2.537,3.114
NEAR,2021-05-31,3.114,3.372,2.88,3.356
NEAR,2021-06-01,3.356,3.378,3.025,3.231
NEAR,2021-06-02,3.231,3.545,3.15,3.314
NEAR,2021-06-03,3.314,3.649,3.269,3.606
NEAR,2021-06-04,3.606,3.62,3.009,3.173
NEAR,2021-06-05,3.173,3.429,2.999,3.287
NEAR,2021-06-06,3.287,3.317,3.107,3.2
NEAR,2021-06-07,3.2,3.306,2.912,2.926
NEAR,2021-06-08,2.926,2.992,2.704,2.903
NEAR,2021-06-09,2.903,3.332,2.781,3.226
NEAR,2021-06-10,3.226,3.246,2.884,2.968
NEAR,2021-06-11,2.968,3.198,2.898,3.022
NEAR,2021-06-12,3.022,3.022,2.788,2.915
NEAR,2021-06-13,2.915,3.158,2.863,3.137
NEAR,2021-06-14,3.137,3.36,3.056,3.217
NEAR,2021-06-15,3.217,3.319,3.167,3.219
NEAR,2021-06-16,3.219,3.241,2.983,3.067
NEAR,2021-06-17,3.067,3.197,3.0,3.081
NEAR,2021-06-18,3.081,3.326,2.866,2.935
NEAR,2021-06-19,2.935,2.982,2.857,2.868
NEAR,2021-06-20,2.868,2.916,2.659,2.888
NEAR,2021-06-21,2.888,2.934,2.243,2.248
NEAR,2021-06-22,2.248,2.402,1.928,2.129
NEAR,2021-06-23,2.129,2.399,2.023,2.146
NEAR,2021-06-24,2.146,2.257,2.023,2.171
NEAR,2021-06-25,2.171,2.23,1.879,1.895
NEAR,2021-06-26,1.895,1.923,1.75,1.89
NEAR,2021-06-27,1.89,1.966,1.814,1.964
NEAR,2021-06-28,1.964,2.059,1.924,1.975
NEAR,2021-06-29,1.975,2.189,1.964,2.096
NEAR,2021-06-30,2.096,2.118,1.922,2.091
NEAR,2021-07-01,2.091,2.164,1.922,2.075
NEAR,2021-07-02,2.075,2.196,1.937,2.103
NEAR,2021-07-03,2.103,2.289,2.095,2.256
NEAR,2021-07-04,2.256,2.346,2.161,2.292
NEAR,2021-07-05,2.292,2.305,2.116,2.17
NEAR,2021-07-06,2.17,2.324,2.17,2.256
NEAR,2021-07-07,2.256,2.403,2.238,2.31
NEAR,2021-07-08,2.31,2.312,2.045,2.099
NEAR,2021-07-09,2.099,2.118,2.01,2.088
NEAR,2021-07-10,2.088,2.136,2.033,2.112
NEAR,2021-07-11,2.112,2.245,2.078,2.17
NEAR,2021-07-12,2.17,2.228,2.036,2.092
NEAR,2021-07-13,2.092,2.098,1.922,1.947
NEAR,2021-07-14,1.947,2.083,1.87,1.993
NEAR,2021-07-15,1.993,2.024,1.858,1.925
NEAR,2021-07-16,1.925,1.986,1.823,1.842
NEAR,2021-07-17,1.842,2.041,1.803,1.937
NEAR,2021-07-18,1.937,1.993,1.855,1.91
NEAR,2021-07-19,1.91,1.915,1.717,1.731
NEAR,2021-07-20,1.731,1.759,1.549,1.681
NEAR,2021-07-21,1.681,1.837,1.623,1.828
NEAR,2021-07-22,1.828,1.944,1.771,1.935
NEAR,2021-07-23,1.935,1.945,1.818,1.937
NEAR,2021-07-24,1.937,2.198,1.921,2.14
NEAR,2021-07-25,2.14,2.311,2.043,2.158
NEAR,2021-07-26,2.158,2.512,2.132,2.147
NEAR,2021-07-27,2.147,2.351,2.068,2.235
NEAR,2021-07-28,2.235,2.306,2.135,2.223
NEAR,2021-07-29,2.223,2.302,2.186,2.255
NEAR,2021-07-30,2.255,2.361,2.147,2.322
NEAR,2021-07-31,2.322,2.505,2.303,2.399
NEAR,2021-08-01,2.399,2.549,2.382,2.393
NEAR,2021-08-02,2.393,2.463,2.323,2.352
NEAR,2021-08-03,2.352,2.396,2.222,2.341
NEAR,2021-08-04,2.341,2.494,2.259,2.455
NEAR,2021-08-05,2.455,2.591,2.334,2.516
NEAR,2021-08-06,2.516,2.589,2.428,2.524
NEAR,2021-08-07,2.524,2.79,2.483,2.78
NEAR,2021-08-08,2.78,2.78,2.521,2.561
NEAR,2021-08-09,2.561,2.746,2.466,2.688
NEAR,2021-08-10,2.688,2.943,2.649,2.857
NEAR,2021-08-11,2.857,3.043,2.82,2.976
NEAR,2021-08-12,3.341,3.383,3.047,3.343
NEAR,2021-08-13,3.343,3.482,3.228,3.414
NEAR,2021-08-14,3.414,3.438,3.161,3.247
NEAR,2021-08-15,3.247,3.277,3.025,3.231
NEAR,2021-08-16,3.231,3.564,3.215,3.463
NEAR,2021-08-17,3.463,3.996,3.398,3.731
NEAR,2021-08-18,3.731,4.56,3.635,4.426
NEAR,2021-08-19,4.426,4.815,4.154,4.485
NEAR,2021-08-20,4.485,4.614,4.311,4.415
NEAR,2021-08-21,4.415,6.241,4.317,6.185
NEAR,2021-08-22,6.185,6.594,5.335,5.461
NEAR,2021-08-23,5.461,5.888,5.367,5.492
NEAR,2021-08-24,5.492,5.745,4.909,5.049
NEAR,2021-08-25,5.049,5.601,4.814,5.58
NEAR,2021-08-26,5.58,5.762,4.808,4.872
NEAR,2021-08-27,4.872,5.396,4.611,5.323
NEAR,2021-08-28,5.323,5.801,5.063,5.721
NEAR,2021-08-29,5.721,6.226,5.545,5.555
NEAR,2021-08-30,5.555,5.88,5.24,5.328
NEAR,2021-08-31,5.328,5.525,5.139,5.278
NEAR,2021-09-01,5.278,5.599,5.12,5.496
NEAR,2021-09-02,5.496,5.675,5.408,5.49
NEAR,2021-09-03,5.49,6.875,5.478,6.167
NEAR,2021-09-04,6.167,6.37,6.008,6.076
NEAR,2021-09-05,6.076,6.185,5.868,6.139
NEAR,2021-09-06,6.139,6.432,5.812,6.1
NEAR,2021-09-07,6.1,8.866,5.458,8.63
NEAR,2021-09-08,8.63,11.02,7.382,10.38
NEAR,2021-09-09,10.38,11.86,9.631,9.755
NEAR,2021-09-10,9.755,10.42,8.604,9.929
NEAR,2021-09-11,9.929,9.993,8.751,9.051
NEAR,2021-09-12,9.051,9.792,8.331,8.952
NEAR,2021-09-13,8.952,9.038,7.717,8.201
NEAR,2021-09-14,8.201,9.329,8.071,8.611
NEAR,2021-09-15,8.611,9.663,8.545,9.241
NEAR,2021-09-16,9.241,9.367,8.439,8.728
NEAR,2021-09-17,8.728,8.948,8.112,8.317
NEAR,2021-09-18,8.317,9.434,8.115,9.071
NEAR,2021-09-19,9.071,10.39,8.696,10.06
NEAR,2021-09-20,10.06,10.42,7.422,7.683
NEAR,2021-09-21,7.683,7.995,6.363,6.701
NEAR,2021-09-22,6.701,7.818,6.535,7.785
NEAR,2021-09-23,7.785,9.426,7.369,9.183
NEAR,2021-09-24,9.183,9.294,7.426,7.983
NEAR,2021-09-25,7.983,8.44,7.472,7.628
NEAR,2021-09-26,7.628,7.681,6.623,7.314
NEAR,2021-09-27,7.314,7.771,6.853,6.893
NEAR,2021-09-28,6.893,7.129,6.371,6.419
NEAR,2021-09-29,6.419,7.333,6.368,6.643
NEAR,2021-09-30,6.643,6.995,6.563,6.925
NEAR,2021-10-01,6.925,7.987,6.826,7.821
NEAR,2021-10-02,7.821,8.267,7.525,7.811
NEAR,2021-10-03,7.811,8.492,7.639,8.035
NEAR,2021-10-04,8.035,8.191,7.419,7.624
NEAR,2021-10-05,7.624,8.252,7.579,7.994
NEAR,2021-10-06,7.994,8.006,7.172,7.795
NEAR,2021-10-07,7.795,8.442,7.506,8.28
NEAR,2021-10-08,8.28,8.743,8.005,8.099
NEAR,2021-10-09,8.099,8.401,7.92,8.038
NEAR,2021-10-10,8.038,8.043,7.327,7.396
NEAR,2021-10-11,7.396,7.815,7.221,7.418
NEAR,2021-10-12,7.418,7.419,6.771,7.271
NEAR,2021-10-13,7.271,7.395,6.916,7.245
NEAR,2021-10-14,7.245,8.181,7.202,8.045
NEAR,2021-10-15,8.045,8.277,7.64,7.868
NEAR,2021-10-16,7.868,8.179,7.719,7.861
NEAR,2021-10-17,7.861,8.079,7.607,7.79
NEAR,2021-10-18,7.79,7.929,7.624,7.844
NEAR,2021-10-19,7.844,8.256,7.747,8.186
NEAR,2021-10-20,8.186,8.892,8.132,8.731
NEAR,2021-10-21,8.731,9.77,8.573,9.466
NEAR,2021-10-22,9.466,9.662,8.818,9.106
NEAR,2021-10-23,9.106,9.423,8.83,9.313
NEAR,2021-10-24,9.313,9.94,9.137,9.605
NEAR,2021-10-25,9.605,12.68,9.546,12.32
NEAR,2021-10-26,12.32,13.22,11.81,12.31
NEAR,2021-10-27,12.31,12.81,10.38,10.86
NEAR,2021-10-28,10.86,12.63,10.66,11.35
NEAR,2021-10-29,11.35,11.6,11.02,11.59
NEAR,2021-10-30,11.59,11.59,10.13,10.51
NEAR,2021-10-31,10.51,10.71,9.684,10.17
NEAR,2021-11-01,10.17,10.7,9.87,10.15
NEAR,2021-11-02,10.15,10.99,10.04,10.48
NEAR,2021-11-03,10.48,11.28,10.21,10.95
NEAR,2021-11-04,10.95,11.51,10.31,10.61
NEAR,2021-11-05,10.61,10.94,10.16,10.38
NEAR,2021-11-06,10.38,10.52,9.789,10.2
NEAR,2021-11-07,10.2,10.56,10.08,10.33
NEAR,2021-11-08,10.33,10.81,10.05,10.71
NEAR,2021-11-09,10.71,11.8,10.49,11.37
NEAR,2021-11-10,11.37,11.79,10.05,10.77
NEAR,2021-11-11,10.77,12.53,10.57,12.08
NEAR,2021-11-12,12.08,12.64,10.93,11.41
NEAR,2021-11-13,11.41,11.43,10.85,11.15
NEAR,2021-11-14,11.15,11.89,11.14,11.86
NEAR,2021-11-15,11.86,11.97,11.04,11.07
NEAR,2021-11-16,11.07,11.13,9.144,9.676
NEAR,2021-11-17,9.676,9.839,9.156,9.417
NEAR,2021-11-18,9.417,9.88,8.434,8.806
NEAR,2021-11-19,8.806,9.578,8.662,9.462
NEAR,2021-11-20,9.462,9.878,9.302,9.815
NEAR,2021-11-21,9.815,9.944,9.363,9.689
NEAR,2021-11-22,9.689,9.756,9.019,9.283
NEAR,2021-11-23,9.283,9.986,9.104,9.973
NEAR,2021-11-24,9.986,10.32,9.05098,9.20357
NEAR,2021-11-25,9.20366,9.49049,9.12283,9.28422
NEAR,2021-11-26,9.2837,9.36204,7.87698,8.28507
NEAR,2021-11-27,8.3186,8.5307,8.206,8.3815
NEAR,2021-11-28,8.3815,8.7362,7.6416,8.2724
NEAR,2021-11-29,8.23808,8.5031,8.1872,8.4934
NEAR,2021-11-30,8.4934,8.9918,8.2324,8.8772
NEAR,2021-12-01,8.8772,8.9151,8.3717,8.4551
NEAR,2021-12-02,8.4541,8.4994,8.0925,8.2707
NEAR,2021-12-03,8.2548,9.5681,8.2152,9.2766
NEAR,2021-12-04,9.2798,9.2798,6.29923,8.00349
NEAR,2021-12-05,7.9972,8.18346,7.14076,7.3341
NEAR,2021-12-06,7.3523,7.4119,6.6849,7.3152
NEAR,2021-12-07,7.3148,7.6173,7.161,7.6077
NEAR,2021-12-08,7.6077,9.79369,7.5311,9.31769
NEAR,2021-12-09,9.3248,9.89956,8.95515,9.71814
NEAR,2021-12-10,9.6527,10.3822,9.13528,9.98615
NEAR,2021-12-11,9.9526,11.382,9.5363,11.219
NEAR,2021-12-12,11.219,11.8498,10.5288,10.739
NEAR,2021-12-13,10.72,10.726,8.9968,9.2799
NEAR,2021-12-14,9.2915,9.6621,8.9344,9.3081
NEAR,2021-12-15,9.3081,16.9515,9.06353,9.82189
NEAR,2021-12-16,9.81789,10.2621,9.27078,9.3438
NEAR,2021-12-17,9.37051,9.37051,8.30349,8.5024
NEAR,2021-12-18,8.5094,8.54942,8.09023,8.40736
NEAR,2021-12-19,8.40536,9.69087,8.35618,9.18567
NEAR,2021-12-20,9.18059,9.18959,8.27165,8.46154
NEAR,2021-12-21,8.45838,9.37175,8.45838,9.23869
NEAR,2021-12-22,9.22869,11.7857,9.08463,11.2776
NEAR,2021-12-23,11.2715,14.2403,10.6753,13.3517
NEAR,2021-12-24,13.3513,15.9254,13.3513,14.8874
NEAR,2021-12-25,14.8889,15.6764,14.2191,15.2101
NEAR,2021-12-26,15.2041,16.1061,14.5247,15.9174
NEAR,2021-12-27,15.925,16.4482,14.6054,14.8224
NEAR,2021-12-28,14.8235,14.8735,13.0413,13.2703
NEAR,2021-12-29,13.2687,14.852,13.1393,14.6579
NEAR,2021-12-30,14.6569,15.5311,14.0658,15.151
NEAR,2021-12-31,15.147,15.7091,14.1524,14.6205
NEAR,2022-01-01,14.6235,15.3251,14.4326,15.073
NEAR,2022-01-02,15.073,15.2635,14.2294,14.4099
NEAR,2022-01-03,14.4229,16.1776,13.9244,16.1416
NEAR,2022-01-04,16.1416,17.6622,15.9968,16.4664
NEAR,2022-01-05,16.4667,17.292,13.9986,15.1575
NEAR,2022-01-06,15.1505,16.2984,14.7636,16.0004
NEAR,2022-01-07,16.0024,16.0984,14.2951,14.9725
NEAR,2022-01-08,14.9735,15.5274,13.3523,14.115
NEAR,2022-01-09,14.111,14.3146,13.104,13.744
NEAR,2022-01-10,13.754,15.279,13.2,15.038
NEAR,2022-01-11,15.029,18.1776,14.996,18.1328
NEAR,2022-01-12,18.1328,18.8268,17.4082,17.556
NEAR,2022-01-13,17.556,19.8729,17.1849,19.6178
NEAR,2022-01-14,19.6148,20.3511,18.4744,20.035
NEAR,2022-01-15,20.036,20.5722,19.0586,19.3227
NEAR,2022-01-16,19.3287,20.4562,18.7735,20.095
NEAR,2022-01-17,20.108,20.1941,17.3649,17.7061
NEAR,2022-01-18,17.7041,18.2183,16.7767,17.9722
NEAR,2022-01-19,17.9774,17.9962,16.2463,16.4499
NEAR,2022-01-20,16.4499,17.5663,15.4201,15.6771
NEAR,2022-01-21,15.6721,15.7041,12.0024,13.1639
NEAR,2022-01-22,13.2507,13.5277,10.102,11.2874
NEAR,2022-01-23,11.3204,12.5628,10.8312,10.9882
NEAR,2022-01-24,10.9942,11.8504,9.53786,10.5462
NEAR,2022-01-25,10.5522,12.5013,9.98299,11.9129
NEAR,2022-01-26,11.9109,12.9257,10.7424,11.1147
NEAR,2022-01-27,11.1117,11.7767,9.94397,10.1831
NEAR,2022-01-28,10.1941,10.8963,10.071,10.6561
NEAR,2022-01-29,10.6551,11.3574,10.6501,11.1343
NEAR,2022-01-30,11.1343,11.1583,10.2671,10.4131
NEAR,2022-01-31,10.4212,11.3697,10.036,10.9755
NEAR,2022-02-01,10.9715,11.5339,10.9715,11.1797
NEAR,2022-02-02,11.1807,11.951,11.0055,11.17
NEAR,2022-02-03,11.168,11.2429,10.4602,10.8164
NEAR,2022-02-04,10.8104,12.8467,10.7824,12.6591
NEAR,2022-02-05,12.6601,13.5925,12.6301,13.0478
NEAR,2022-02-06,13.0428,13.9774,12.7539,12.9922
NEAR,2022-02-07,12.9752,14.0937,12.9575,13.6996
NEAR,2022-02-08,13.6926,13.7576,12.2085,12.7104
NEAR,2022-02-09,12.7114,13.1155,12.1077,12.9322
NEAR,2022-02-10,12.9342,13.0447,11.8236,12.0374
NEAR,2022-02-11,12.0374,12.3296,10.6523,10.7072
NEAR,2022-02-12,10.7062,11.2528,10.4162,10.8534
NEAR,2022-02-13,10.8534,10.9336,10.1311,10.4893
NEAR,2022-02-14,10.4813,10.6664,10.048,10.5343
NEAR,2022-02-15,10.5333,11.5229,10.4632,11.2678
NEAR,2022-02-16,11.2658,11.6048,10.8335,11.3747
NEAR,2022-02-17,11.3697,11.735,10.4293,10.6044
NEAR,2022-02-18,10.6064,10.9537,10.1451,10.2221
NEAR,2022-02-19,10.2221,10.4793,9.84092,9.98499
NEAR,2022-02-20,9.98799,10.0841,9.09354,9.53577
NEAR,2022-02-21,9.52776,9.82691,8.67147,8.74237
NEAR,2022-02-22,8.74337,8.94658,8.21746,8.70035
NEAR,2022-02-23,8.70535,9.45167,8.61617,8.74024
NEAR,2022-02-24,8.72923,8.76638,7.39143,8.27931
NEAR,2022-02-25,8.28631,9.03961,8.23147,9.03251
NEAR,2022-02-26,9.01951,9.4007,8.88944,9.13557
NEAR,2022-02-27,9.12665,9.17559,8.29114,8.52226
NEAR,2022-02-28,8.52641,9.45773,8.32516,9.2497
NEAR,2022-03-01,9.2637,11.7875,9.2567,11.4915
NEAR,2022-03-02,11.4885,11.9436,10.8552,11.2112
NEAR,2022-03-03,11.1822,11.6325,10.7142,11.1252
NEAR,2022-03-04,11.1383,11.7935,10.3081,10.4811
NEAR,2022-03-05,10.4781,10.7592,10.072,10.5081
NEAR,2022-03-06,10.5071,10.8763,10.222,10.4321
NEAR,2022-03-07,10.4331,10.4641,9.3288,9.74592
NEAR,2022-03-08,9.74792,9.95399,9.54595,9.66893
NEAR,2022-03-09,9.65793,11.5433,9.65193,11.3793
NEAR,2022-03-10,11.3803,11.9834,10.5232,11.2155
NEAR,2022-03-11,11.2285,11.3635,10.2971,10.4001
NEAR,2022-03-12,10.4011,10.6341,10.235,10.336
NEAR,2022-03-13,10.336,10.4771,9.74595,9.80594
NEAR,2022-03-14,9.78791,10.186,9.67894,9.998
NEAR,2022-03-15,10.002,10.398,9.83198,10.154
NEAR,2022-03-16,10.156,10.7752,9.93798,10.4841
NEAR,2022-03-17,10.4751,11.1934,10.4711,10.8434
NEAR,2022-03-18,10.8484,11.4787,10.4292,11.4447
NEAR,2022-03-19,11.4497,11.5658,11.0645,11.2905
NEAR,2022-03-20,11.2906,11.3686,10.5943,10.7353
NEAR,2022-03-21,10.7383,11.2895,10.5272,10.8433
NEAR,2022-03-22,10.8423,11.5028,10.7743,11.1156
NEAR,2022-03-23,11.1196,12.501,10.8883,12.389
NEAR,2022-03-24,12.395,13.2053,11.9088,12.8942
NEAR,2022-03-25,12.8871,12.9725,11.945,12.1521
NEAR,2022-03-26,12.1529,13.5508,12.1319,12.6511
NEAR,2022-03-27,12.6621,13.1653,12.4942,13.0432
NEAR,2022-03-28,13.0529,13.501,12.8018,12.9502
NEAR,2022-03-29,12.9415,14.4292,12.519,14.01
NEAR,2022-03-30,14.008,14.7174,13.5384,13.9252
NEAR,2022-03-31,13.9242,14.3859,13.0279,13.3897
NEAR,2022-04-01,13.399,14.6859,12.5375,14.3868
NEAR,2022-04-02,14.3739,16.2875,14.3003,15.1541
NEAR,2022-04-03,15.1561,17.421,14.5884,16.2085
NEAR,2022-04-04,16.2259,17.6793,15.3611,17.2754
NEAR,2022-04-05,17.2812,17.9964,16.0462,16.3436
NEAR,2022-04-06,16.3416,17.0807,15.2385,16.087
NEAR,2022-04-07,16.0866,16.4446,14.598,16.3626
NEAR,2022-04-08,16.3656,19.784,16.251,17.6301
NEAR,2022-04-09,17.622,18.1843,16.1188,16.714
NEAR,2022-04-10,16.707,17.6785,16.1408,16.3843
NEAR,2022-04-11,16.4073,16.4897,14.939,15.5477
NEAR,2022-04-12,15.5247,17.1684,15.3926,16.0308
NEAR,2022-04-13,16.0068,16.9721,15.6027,16.728
NEAR,2022-04-14,16.737,17.7656,15.9532,16.3073
NEAR,2022-04-15,16.2956,16.5663,15.6666,15.8722
NEAR,2022-04-16,15.8752,16.3063,15.5886,15.8792
NEAR,2022-04-17,15.9002,16.7994,15.6891,16.2523
NEAR,2022-04-18,16.2482,16.4113,14.6935,16.2189
NEAR,2022-04-19,16.2129,17.5395,16.1132,16.9597
NEAR,2022-04-20,16.9674,17.8196,16.3843,16.7233
NEAR,2022-04-21,16.7123,17.1604,15.3941,15.5221
NEAR,2022-04-22,15.5155,15.8422,15.0665,15.4415
NEAR,2022-04-23,15.4431,15.9262,15.1195,15.6421
NEAR,2022-04-24,15.6451,15.6821,14.845,15.224
NEAR,2022-04-25,15.227,15.2971,13.5784,14.3484
NEAR,2022-04-26,14.3499,15.202,12.8786,13.1623
NEAR,2022-04-27,13.1613,13.278,12.4432,12.6913
NEAR,2022-04-28,12.7003,13.1503,12.25,12.485
NEAR,2022-04-29,12.488,12.5413,11.119,11.2901
NEAR,2022-04-30,11.2871,11.7962,10.6191,10.819
NEAR,2022-05-01,10.823,12.294,10.12,11.704
NEAR,2022-05-02,11.704,12.1922,11.0951,11.8372
NEAR,2022-05-03,11.8332,12.173,11.3049,11.5978
NEAR,2022-05-04,11.5998,13.032,11.5337,12.786
NEAR,2022-05-05,12.805,13.188,10.7868,11.2068
NEAR,2022-05-06,11.2078,11.3269,10.4189,10.7619
NEAR,2022-05-07,10.7409,10.9659,10.223,10.2269
NEAR,2022-05-08,10.2859,11.2536,9.89505,10.9467
NEAR,2022-05-09,10.9467,11.6795,9.77807,9.98001
NEAR,2022-05-10,9.988,10.8847,8.89433,9.06037
NEAR,2022-05-11,9.06537,9.88106,5.30178,6.43211
NEAR,2022-05-12,6.4082,7.3215,5.12841,6.17666
NEAR,2022-05-13,6.17329,7.64658,5.9834,6.76847
NEAR,2022-05-14,6.76748,6.87829,5.94708,6.51087
NEAR,2022-05-15,6.52685,7.30922,6.48391,7.19463
NEAR,2022-05-16,7.20562,7.489,6.43098,6.74921
NEAR,2022-05-17,6.7622,6.97132,6.27246,6.55247
NEAR,2022-05-18,6.55946,6.77119,5.89932,6.04513
NEAR,2022-05-19,6.05512,6.26036,5.56199,5.995
NEAR,2022-05-20,5.997,6.25611,5.63336,5.75751
NEAR,2022-05-21,5.76308,6.07409,5.61326,5.86836
NEAR,2022-05-22,5.86537,6.3767,5.85837,6.12564
NEAR,2022-05-23,6.11965,6.52282,5.95485,6.01078
NEAR,2022-05-24,6.00918,6.00918,5.52392,5.89233
NEAR,2022-05-25,5.89233,6.09029,5.67975,5.78805
NEAR,2022-05-26,5.78505,5.82259,5.05792,5.35864
NEAR,2022-05-27,5.35764,5.3976,4.67086,4.78721
NEAR,2022-05-28,4.7785,5.03381,4.71215,4.97018
NEAR,2022-05-29,4.97008,5.19449,4.77517,5.14633
NEAR,2022-05-30,5.14885,5.81693,5.09639,5.69644
NEAR,2022-05-31,5.70301,6.54276,5.64105,5.83333
NEAR,2022-06-01,5.8355,6.01542,5.23923,5.3232
NEAR,2022-06-02,5.32315,5.57897,5.15166,5.53102
NEAR,2022-06-03,5.53302,5.64691,5.13094,5.34734
NEAR,2022-06-04,5.34834,5.39482,5.10868,5.33794
NEAR,2022-06-05,5.34294,5.50598,5.20483,5.40991
NEAR,2022-06-06,5.4219,5.76016,5.30396,5.48334
NEAR,2022-06-07,5.48334,5.50526,5.0508,5.3097
NEAR,2022-06-08,5.31175,5.34506,5.09628,5.17863
NEAR,2022-06-09,5.17863,5.21351,4.99725,5.08273
NEAR,2022-06-10,5.08473,5.10955,4.51303,4.54218
NEAR,2022-06-11,4.54517,4.67694,3.99504,4.13432
NEAR,2022-06-12,4.13732,4.18427,3.69219,3.90619
NEAR,2022-06-13,3.90219,3.90619,3.08051,3.47317
NEAR,2022-06-14,3.47317,3.63147,3.16927,3.25609
NEAR,2022-06-15,3.25309,3.58875,3.03353,3.57922
NEAR,2022-06-16,3.58501,3.65168,3.22812,3.30969
NEAR,2022-06-17,3.19755,3.48928,3.15661,3.33399
NEAR,2022-06-18,3.33599,3.40797,2.87474,3.06602
NEAR,2022-06-19,3.06802,3.32301,2.97171,3.27174
NEAR,2022-06-20,3.25109,3.56507,3.09328,3.34332
NEAR,2022-06-21,3.34731,3.69967,3.28338,3.50314
NEAR,2022-06-22,3.50514,3.58441,3.26241,3.30669
NEAR,2022-06-23,3.30859,3.55444,3.26753,3.46853
NEAR,2022-06-24,3.46753,3.97198,3.46753,3.95391
NEAR,2022-06-25,3.95551,4.39592,3.92907,4.21505
NEAR,2022-06-26,4.20605,4.33253,3.87164,3.96958
NEAR,2022-06-27,3.96758,3.99544,3.62866,3.72968
NEAR,2022-06-28,3.72872,3.79232,3.41838,3.4904
NEAR,2022-06-29,3.48997,3.55439,3.3308,3.51494
NEAR,2022-06-30,3.51508,3.53945,3.12284,3.21863
NEAR,2022-07-01,3.21993,3.45549,3.20383,3.37798
NEAR,2022-07-02,3.36885,3.42163,3.21753,3.36166
NEAR,2022-07-03,3.35747,3.36043,3.20441,3.31039
NEAR,2022-07-04,3.30999,3.51288,3.20663,3.48431
NEAR,2022-07-05,3.48451,3.58739,3.26021,3.46868
NEAR,2022-07-06,3.46968,3.5416,3.30936,3.49076
NEAR,2022-07-07,3.49235,3.77486,3.43552,3.70827
NEAR,2022-07-08,3.70997,3.84321,3.48706,3.60963
NEAR,2022-07-09,3.60853,3.87287,3.57749,3.81921
NEAR,2022-07-10,3.81932,3.84479,3.50175,3.57515
NEAR,2022-07-11,3.57475,3.57505,3.28394,3.30912
NEAR,2022-07-12,3.30822,3.33436,3.19678,3.22158
NEAR,2022-07-13,3.22087,3.30249,3.03726,3.24178
NEAR,2022-07-14,3.24288,3.52898,3.21892,3.47931
NEAR,2022-07-15,3.48051,3.63232,3.43244,3.51475
NEAR,2022-07-16,3.51604,3.66987,3.37399,3.59832
NEAR,2022-07-17,3.59868,3.76443,3.53921,3.58707
NEAR,2022-07-18,3.58997,4.11581,3.50905,3.9209
NEAR,2022-07-19,3.9206,4.59774,3.9114,4.57773
NEAR,2022-07-20,4.57673,4.666,4.15612,4.28321
NEAR,2022-07-21,4.28191,4.49707,4.0461,4.4052
NEAR,2022-07-22,4.4046,4.759,4.28481,4.34996
NEAR,2022-07-23,4.35,4.47636,4.14063,4.2208
NEAR,2022-07-24,4.22042,4.47367,4.21842,4.45085
NEAR,2022-07-25,4.44789,4.4949,3.88247,3.95732
NEAR,2022-07-26,3.95632,3.9614,3.568,3.64955
NEAR,2022-07-27,3.64951,4.08759,3.64118,4.06097
NEAR,2022-07-28,4.06197,4.45834,4.02984,4.37187
NEAR,2022-07-29,4.36792,4.58623,4.18325,4.3898
NEAR,2022-07-30,4.38675,4.69059,4.2955,4.4035
NEAR,2022-07-31,4.4015,4.59092,4.29525,4.349
NEAR,2022-08-01,4.348,4.37305,4.12358,4.21426
NEAR,2022-08-02,4.21126,4.45671,4.03725,4.40975
NEAR,2022-08-03,4.40784,4.66349,4.15908,4.61615
NEAR,2022-08-04,4.61638,4.74947,4.3213,4.34913
NEAR,2022-08-05,4.34813,5.2001,4.33543,5.11797
NEAR,2022-08-06,5.11897,5.27258,4.89073,4.97009
NEAR,2022-08-07,4.97009,5.19188,4.8082,5.08197
NEAR,2022-08-08,5.08297,5.7302,4.95984,5.49566
NEAR,2022-08-09,5.49066,5.60995,5.17014,5.38508
NEAR,2022-08-10,5.38708,6.07482,5.17929,6.00574
NEAR,2022-08-11,6.00174,6.00874,5.72663,5.83874
NEAR,2022-08-12,5.83774,6.06409,5.63081,5.99576
NEAR,2022-08-13,5.99276,6.11099,5.82962,5.92131
NEAR,2022-08-14,5.92431,5.94126,5.53844,5.60774
NEAR,2022-08-15,5.60868,5.82051,5.37491,5.4163
NEAR,2022-08-16,5.41535,5.51972,5.23437,5.30948
NEAR,2022-08-17,5.31048,5.51255,4.92634,4.99135
NEAR,2022-08-18,4.99035,5.20368,4.93215,5.10905
NEAR,2022-08-19,5.11051,5.11551,4.20442,4.24142
NEAR,2022-08-20,4.24842,4.44449,4.01868,4.127
NEAR,2022-08-21,4.12492,4.30587,4.08035,4.25391
NEAR,2022-08-22,4.25391,4.27417,3.93172,4.01428
NEAR,2022-08-23,4.01928,4.41791,4.00392,4.26309
NEAR,2022-08-24,4.26457,4.40126,4.144,4.34039
NEAR,2022-08-25,4.34239,4.44682,4.2035,4.31413
NEAR,2022-08-26,4.31413,4.43293,3.984,4.06441
NEAR,2022-08-27,4.06441,4.07237,3.83535,3.87612
NEAR,2022-08-28,3.87308,3.94228,3.80473,3.878
NEAR,2022-08-29,3.876,4.0116,3.69307,3.99328
NEAR,2022-08-30,3.99432,4.25034,3.95428,4.21238
NEAR,2022-08-31,4.21438,4.56809,4.1905,4.43596
NEAR,2022-09-01,4.43696,4.48496,4.18713,4.33674
NEAR,2022-09-02,4.33874,4.38896,4.11529,4.15962
NEAR,2022-09-03,4.15967,4.21346,4.123,4.15342
NEAR,2022-09-04,4.15542,4.248,4.09,4.219
NEAR,2022-09-05,4.221,4.282,4.117,4.18042
NEAR,2022-09-06,4.17542,4.53655,3.966,4.118
NEAR,2022-09-07,4.117,4.40444,4.0328,4.39331
NEAR,2022-09-08,4.39231,4.64237,4.36104,4.62069
NEAR,2022-09-09,4.62065,4.87017,4.56559,4.77867
NEAR,2022-09-10,4.77877,4.91252,4.655,4.81291
NEAR,2022-09-11,4.81591,5.04641,4.63176,4.79315
NEAR,2022-09-12,4.79715,5.27205,4.71127,5.03191
NEAR,2022-09-13,5.03391,5.12497,4.43836,4.48509
NEAR,2022-09-14,4.48304,4.54114,4.34122,4.52213
NEAR,2022-09-15,4.52113,4.547,4.19808,4.23758
NEAR,2022-09-16,4.23662,4.249,4.09359,4.22258
NEAR,2022-09-17,4.22358,4.36844,4.16858,4.339
NEAR,2022-09-18,4.339,4.411,3.828,3.957
NEAR,2022-09-19,3.954,4.07841,3.80762,4.0164
NEAR,2022-09-20,4.0194,4.08741,3.83338,3.84438
NEAR,2022-09-21,3.83804,4.036,3.59,3.597
NEAR,2022-09-22,3.598,3.899,3.547,3.814
NEAR,2022-09-23,3.81938,3.949,3.61964,3.76962
NEAR,2022-09-24,3.76962,3.87192,3.72834,3.7413
NEAR,2022-09-25,3.7423,3.76911,3.62689,3.635
NEAR,2022-09-26,3.63704,3.73037,3.557,3.628
NEAR,2022-09-27,3.626,3.821,3.554,3.62364
NEAR,2022-09-28,3.62564,3.64364,3.44566,3.58
NEAR,2022-09-29,3.582,3.60936,3.504,3.56636
NEAR,2022-09-30,3.569,3.644,3.534,3.538
NEAR,2022-10-01,3.538,3.594,3.51335,3.561
NEAR,2022-10-02,3.55636,3.617,3.49335,3.542
NEAR,2022-10-03,3.53335,3.56536,3.414,3.54735
NEAR,2022-10-04,3.55336,3.6551,3.52835,3.61608
NEAR,2022-10-05,3.61708,3.73012,3.54706,3.67874
NEAR,2022-10-06,3.67874,3.7646,3.59458,3.59961
NEAR,2022-10-07,3.58561,3.62854,3.51496,3.5545
NEAR,2022-10-08,3.55443,3.57829,3.4638,3.47287
NEAR,2022-10-09,3.49991,3.53471,3.47049,3.5197
NEAR,2022-10-10,3.51035,3.54635,3.41332,3.43566
NEAR,2022-10-11,3.44466,3.445,3.093,3.18071
NEAR,2022-10-12,3.17971,3.21394,3.13297,3.16309
NEAR,2022-10-13,3.16409,3.178,2.76578,3.08425
NEAR,2022-10-14,3.08525,3.18125,2.95503,2.96512
NEAR,2022-10-15,2.96712,3.01812,2.95618,2.96415
NEAR,2022-10-16,2.96115,3.03697,2.91606,2.98512
NEAR,2022-10-17,2.98515,3.07231,2.96506,3.04506
NEAR,2022-10-18,3.05106,3.09837,2.89506,2.95812
NEAR,2022-10-19,2.95118,2.97424,2.87106,2.914
NEAR,2022-10-20,2.90603,2.94315,2.78497,2.8558
NEAR,2022-10-21,2.8548,2.91818,2.72895,2.89323
NEAR,2022-10-22,2.89523,2.93006,2.82523,2.90326
NEAR,2022-10-23,2.90023,2.97833,2.84626,2.96339
NEAR,2022-10-24,2.9923,3.01418,2.87726,2.94512
NEAR,2022-10-25,2.94712,3.08602,2.88974,3.01897
NEAR,2022-10-26,3.01803,3.11378,2.97892,3.08489
NEAR,2022-10-27,3.08186,3.1747,2.94097,2.98318
NEAR,2022-10-28,2.98318,3.06461,2.8912,3.03661
NEAR,2022-10-29,3.03661,3.1712,3.02063,3.08671
NEAR,2022-10-30,3.08274,3.23561,3.04082,3.09762
NEAR,2022-10-31,3.09762,3.188,3.04327,3.10681
NEAR,2022-11-01,3.10881,3.15037,3.00667,3.0177
NEAR,2022-11-02,3.01767,3.03264,2.82489,2.87683
NEAR,2022-11-03,2.87583,3.12359,2.87086,3.01897
NEAR,2022-11-04,3.01897,3.30407,3.00197,3.27626
NEAR,2022-11-05,3.27626,3.44307,3.25526,3.36117
NEAR,2022-11-06,3.3632,3.3652,3.15806,3.17625
NEAR,2022-11-07,3.16822,3.17622,2.97127,3.02936
NEAR,2022-11-08,3.03191,3.07161,2.41313,2.61382
NEAR,2022-11-09,2.61382,2.67947,2.00297,2.0639
NEAR,2022-11-10,2.05372,2.57543,2.01687,2.33615
NEAR,2022-11-11,2.33801,2.60803,2.038,2.11
NEAR,2022-11-12,2.10584,2.14497,1.94948,2.01636
NEAR,2022-11-13,2.01636,2.07447,1.89043,1.96125
NEAR,2022-11-14,1.95526,2.01937,1.7983,1.93329
NEAR,2022-11-15,1.93409,2.04216,1.9283,1.96903
NEAR,2022-11-16,1.97359,2.01419,1.89005,1.92225
NEAR,2022-11-17,1.92323,1.93533,1.81538,1.83657
NEAR,2022-11-18,1.83657,1.86852,1.75086,1.77196
NEAR,2022-11-19,1.77296,1.78782,1.70118,1.74517
NEAR,2022-11-20,1.74643,1.7598,1.55123,1.57261
NEAR,2022-11-21,1.57262,1.57958,1.4315,1.54812
NEAR,2022-11-22,1.54814,1.64398,1.49119,1.62901
NEAR,2022-11-23,1.63001,1.66503,1.58602,1.63821
NEAR,2022-11-24,1.64419,1.73023,1.62472,1.65159
NEAR,2022-11-25,1.65261,1.65592,1.59476,1.63808
NEAR,2022-11-26,1.63985,1.70003,1.58698,1.59806
NEAR,2022-11-27,1.59706,1.67599,1.59606,1.66195
NEAR,2022-11-28,1.65795,1.65795,1.48318,1.58538
NEAR,2022-11-29,1.5864,1.63705,1.5613,1.6164
NEAR,2022-11-30,1.6164,1.74826,1.60547,1.73907
NEAR,2022-12-01,1.73707,1.76816,1.68893,1.7261
NEAR,2022-12-02,1.72809,1.79918,1.71219,1.7481
NEAR,2022-12-03,1.7471,1.75612,1.66517,1.67217
NEAR,2022-12-04,1.66917,1.72234,1.66433,1.71417
NEAR,2022-12-05,1.71634,1.78016,1.68202,1.71205
NEAR,2022-12-06,1.71303,1.777,1.70302,1.75396
NEAR,2022-12-07,1.75798,1.829,1.66802,1.689
NEAR,2022-12-08,1.688,1.71526,1.64,1.70812
NEAR,2022-12-09,1.70912,1.73803,1.68202,1.68905
NEAR,2022-12-10,1.69007,1.72802,1.68895,1.70797
NEAR,2022-12-11,1.70798,1.71305,1.62416,1.63833
NEAR,2022-12-12,1.63924,1.66133,1.57416,1.63015
NEAR,2022-12-13,1.63115,1.76664,1.55742,1.69859
NEAR,2022-12-14,1.69846,1.73502,1.656,1.6701
NEAR,2022-12-15,1.66912,1.66917,1.58932,1.59832
NEAR,2022-12-16,1.60032,1.60916,1.34713,1.38614
NEAR,2022-12-17,1.39114,1.40324,1.34316,1.39218
NEAR,2022-12-18,1.3942,1.39913,1.34612,1.36618
NEAR,2022-12-19,1.367,1.38322,1.23104,1.25599
NEAR,2022-12-20,1.25697,1.34997,1.24601,1.34305
NEAR,2022-12-21,1.34605,1.35204,1.27699,1.29306
NEAR,2022-12-22,1.29005,1.324,1.27185,1.32078
NEAR,2022-12-23,1.31679,1.36284,1.31083,1.33885
NEAR,2022-12-24,1.34085,1.35188,1.32687,1.33292
NEAR,2022-12-25,1.33213,1.33993,1.30083,1.3328
NEAR,2022-12-26,1.33184,1.35981,1.32787,1.35173
NEAR,2022-12-27,1.35073,1.37374,1.33045,1.35147
NEAR,2022-12-28,1.34947,1.36245,1.29726,1.30629
NEAR,2022-12-29,1.30331,1.32935,1.26549,1.28443
NEAR,2022-12-30,1.27244,1.30239,1.24138,1.26737
NEAR,2022-12-31,1.26785,1.28302,1.24706,1.25027
NEAR,2023-01-01,1.24886,1.28392,1.23803,1.2747
NEAR,2023-01-02,1.2752,1.32394,1.25558,1.30959
NEAR,2023-01-03,1.30888,1.35996,1.30448,1.32268
NEAR,2023-01-04,1.32328,1.62277,1.32318,1.53609
NEAR,2023-01-05,1.53729,1.64921,1.51628,1.53846
NEAR,2023-01-06,1.53824,1.58297,1.47967,1.57981
NEAR,2023-01-07,1.58349,1.61448,1.54255,1.56442
NEAR,2023-01-08,1.56753,1.64774,1.51674,1.62181
NEAR,2023-01-09,1.62368,1.72384,1.62368,1.64198
NEAR,2023-01-10,1.64,1.66687,1.59292,1.63923
NEAR,2023-01-11,1.64025,1.831,1.55483,1.80484
NEAR,2023-01-12,1.803,1.88721,1.72098,1.84117
NEAR,2023-01-13,1.84217,2.00316,1.77875,1.92817
NEAR,2023-01-14,1.93017,2.35124,1.93017,2.21911
NEAR,2023-01-15,2.21711,2.28939,2.10629,2.23965
NEAR,2023-01-16,2.2389,2.43575,2.06712,2.20104
NEAR,2023-01-17,2.19802,2.26414,2.15117,2.17022
NEAR,2023-01-18,2.16924,2.23116,1.97372,2.0069
NEAR,2023-01-19,2.00088,2.158,1.964,2.09292
NEAR,2023-01-20,2.09192,2.36047,2.04796,2.31542
NEAR,2023-01-21,2.31742,2.47169,2.31042,2.35547
NEAR,2023-01-22,2.34235,2.59341,2.31139,2.37948
NEAR,2023-01-23,2.37748,2.70941,2.37145,2.56041
NEAR,2023-01-24,2.56136,2.62126,2.31635,2.36107
NEAR,2023-01-25,2.35905,2.6335,2.28341,2.51043
NEAR,2023-01-26,2.50843,2.72024,2.49142,2.5202
NEAR,2023-01-27,2.5192,2.58896,2.38548,2.51596
NEAR,2023-01-28,2.51886,2.6827,2.43856,2.45149
NEAR,2023-01-29,2.45249,2.60731,2.43356,2.57213
NEAR,2023-01-30,2.57313,2.59003,2.25214,2.28314
NEAR,2023-01-31,2.28216,2.37298,2.27209,2.33021
NEAR,2023-02-01,2.32921,2.41815,2.166,2.40614
NEAR,2023-02-02,2.40812,2.57523,2.40017,2.45549
NEAR,2023-02-03,2.45449,2.52038,2.40136,2.5062
NEAR,2023-02-04,2.5062,2.58031,2.42717,2.5292
NEAR,2023-02-05,2.5282,2.55526,2.32965,2.3876
NEAR,2023-02-06,2.38162,2.42956,2.33093,2.33909
NEAR,2023-02-07,2.33909,2.49907,2.28318,2.49817
NEAR,2023-02-08,2.49817,2.84597,2.4732,2.68321
NEAR,2023-02-09,2.68719,2.69119,2.20144,2.24122
NEAR,2023-02-10,2.24022,2.30355,2.20044,2.23834
NEAR,2023-02-11,2.238,2.29421,2.20429,2.28923
NEAR,2023-02-12,2.29046,2.37331,2.20131,2.24522
NEAR,2023-02-13,2.24522,2.25323,2.09253,2.16419
NEAR,2023-02-14,2.16119,2.2599,2.11005,2.23589
NEAR,2023-02-15,2.23589,2.48935,2.20679,2.46147
NEAR,2023-02-16,2.46144,2.5562,2.32374,2.32579
NEAR,2023-02-17,2.32379,2.48517,2.29721,2.44824
NEAR,2023-02-18,2.44824,2.70057,2.43932,2.59744
NEAR,2023-02-19,2.60044,2.69235,2.51273,2.5956
NEAR,2023-02-20,2.59457,2.76541,2.48772,2.69911
NEAR,2023-02-21,2.69711,2.71905,2.50047,2.55246
NEAR,2023-02-22,2.55343,2.57228,2.40046,2.499
NEAR,2023-02-23,2.49805,2.56426,2.41524,2.45032
NEAR,2023-02-24,2.45034,2.49027,2.25318,2.28595
NEAR,2023-02-25,2.28495,2.3373,2.19642,2.26816
NEAR,2023-02-26,2.26623,2.3856,2.26314,2.35134
NEAR,2023-02-27,2.35192,2.42327,2.28821,2.33782
NEAR,2023-02-28,2.34034,2.35479,2.21518,2.24628
NEAR,2023-03-01,2.24315,2.36711,2.20501,2.3095
NEAR,2023-03-02,2.3073,2.33095,2.20769,2.2513
NEAR,2023-03-03,2.2515,2.26048,2.03336,2.09873
NEAR,2023-03-04,2.09885,2.11723,1.9814,2.03484
NEAR,2023-03-05,2.03456,2.11478,2.03456,2.04522
NEAR,2023-03-06,2.04245,2.0768,1.985,2.05638
NEAR,2023-03-07,2.05639,2.09256,1.94548,1.9839
NEAR,2023-03-08,1.9829,2.0139,1.81649,1.83563
NEAR,2023-03-09,1.83792,1.91349,1.73922,1.77276
NEAR,2023-03-10,1.77318,1.80892,1.67237,1.80097
NEAR,2023-03-11,1.79985,1.88768,1.70584,1.77981
NEAR,2023-03-12,1.78004,1.94761,1.77659,1.91508
NEAR,2023-03-13,1.91599,2.05669,1.89841,2.04884
NEAR,2023-03-14,2.04824,2.21936,1.98552,2.12181
NEAR,2023-03-15,2.12334,2.16198,1.87227,1.92927
NEAR,2023-03-16,1.92754,1.98442,1.89807,1.96498
NEAR,2023-03-17,1.96646,2.1476,1.94174,2.13697
NEAR,2023-03-18,2.13707,2.21821,2.06917,2.10269
NEAR,2023-03-19,2.1065,2.2034,2.07532,2.14999
NEAR,2023-03-20,2.14899,2.17835,1.97635,2.01483
NEAR,2023-03-21,2.01382,2.08916,1.9312,2.06107
NEAR,2023-03-22,2.06188,2.08248,1.88482,1.94271
NEAR,2023-03-23,1.94301,2.07863,1.92689,2.03504
NEAR,2023-03-24,2.03482,2.05459,1.93088,1.96578
NEAR,2023-03-25,1.96288,1.99872,1.89556,1.91886
NEAR,2023-03-26,1.91876,1.98438,1.91456,1.9495
NEAR,2023-03-27,1.94944,1.97289,1.81429,1.84407
NEAR,2023-03-28,1.84357,1.90321,1.81027,1.87401
NEAR,2023-03-29,1.87333,1.99472,1.8672,1.97438
NEAR,2023-03-30,1.97357,2.03777,1.90358,1.91574
NEAR,2023-03-31,1.91534,2.00966,1.88535,2.0007
NEAR,2023-04-01,2.0007,2.01014,1.96018,1.98742
NEAR,2023-04-02,1.98724,2.01074,1.89239,1.90498
NEAR,2023-04-03,1.90518,2.02012,1.85838,1.92455
NEAR,2023-04-04,1.92817,2.01236,1.91696,1.99812
NEAR,2023-04-05,1.9993,2.08044,1.98267,2.01863
NEAR,2023-04-06,2.02063,2.03421,1.94204,1.97869
NEAR,2023-04-07,1.98019,2.02937,1.95268,2.00058
NEAR,2023-04-08,2.00058,2.02339,1.9546,1.97007
NEAR,2023-04-09,1.96997,2.01075,1.93177,2.00034
NEAR,2023-04-10,2.00154,2.0537,1.96825,2.04207
NEAR,2023-04-11,2.04247,2.107,2.04224,2.05341
NEAR,2023-04-12,2.05263,2.2326,1.97315,2.21973
NEAR,2023-04-13,2.21913,2.24521,2.15956,2.1888
NEAR,2023-04-14,2.1888,2.27738,2.15297,2.20911
NEAR,2023-04-15,2.20901,2.40858,2.17614,2.30557
NEAR,2023-04-16,2.30417,2.35532,2.26693,2.34797
NEAR,2023-04-17,2.34847,2.35,2.24014,2.29455
NEAR,2023-04-18,2.29435,2.39944,2.23668,2.3485
NEAR,2023-04-19,2.34848,2.40294,2.1243,2.1766
NEAR,2023-04-20,2.1795,2.19885,2.02164,2.04186
NEAR,2023-04-21,2.04014,2.0666,1.886,1.90091
NEAR,2023-04-22,1.89909,1.9495,1.89542,1.93379
NEAR,2023-04-23,1.93167,1.95051,1.84291,1.89029
NEAR,2023-04-24,1.89079,1.94248,1.84937,1.88764
NEAR,2023-04-25,1.88676,1.98822,1.84288,1.97385
NEAR,2023-04-26,1.97775,2.02671,1.78294,1.8858
